-- phpMyAdmin SQL Dump
-- version 5.2.1
-- https://www.phpmyadmin.net/
--
-- Máy chủ: 127.0.0.1
-- Thời gian đã tạo: Th12 18, 2023 lúc 10:48 AM
-- Phiên bản máy phục vụ: 10.4.28-MariaDB
-- Phiên bản PHP: 8.2.4

SET SQL_MODE = "NO_AUTO_VALUE_ON_ZERO";
START TRANSACTION;
SET time_zone = "+00:00";


/*!40101 SET @OLD_CHARACTER_SET_CLIENT=@@CHARACTER_SET_CLIENT */;
/*!40101 SET @OLD_CHARACTER_SET_RESULTS=@@CHARACTER_SET_RESULTS */;
/*!40101 SET @OLD_COLLATION_CONNECTION=@@COLLATION_CONNECTION */;
/*!40101 SET NAMES utf8mb4 */;

--
-- Cơ sở dữ liệu: `ecletroshop`

CREATE DATABASE ecletroshop;

USE ecletroshop;
--

-- --------------------------------------------------------

--
-- Cấu trúc bảng cho bảng `failed_jobs`
--

CREATE TABLE `failed_jobs` (
  `id` bigint(20) UNSIGNED NOT NULL,
  `uuid` varchar(255) NOT NULL,
  `connection` text NOT NULL,
  `queue` text NOT NULL,
  `payload` longtext NOT NULL,
  `exception` longtext NOT NULL,
  `failed_at` timestamp NOT NULL DEFAULT current_timestamp()
) ENGINE=InnoDB DEFAULT CHARSET=utf8mb4 COLLATE=utf8mb4_unicode_ci;

-- --------------------------------------------------------

--
-- Cấu trúc bảng cho bảng `migrations`
--

CREATE TABLE `migrations` (
  `id` int(10) UNSIGNED NOT NULL,
  `migration` varchar(255) NOT NULL,
  `batch` int(11) NOT NULL
) ENGINE=InnoDB DEFAULT CHARSET=utf8mb4 COLLATE=utf8mb4_unicode_ci;

--
-- Đang đổ dữ liệu cho bảng `migrations`
--

INSERT INTO `migrations` (`id`, `migration`, `batch`) VALUES
(1, '2014_10_12_000000_create_users_table', 1),
(2, '2014_10_12_100000_create_password_reset_tokens_table', 1),
(3, '2019_08_19_000000_create_failed_jobs_table', 1),
(4, '2019_12_14_000001_create_personal_access_tokens_table', 1);

-- --------------------------------------------------------

--
-- Cấu trúc bảng cho bảng `password_reset_tokens`
--

CREATE TABLE `password_reset_tokens` (
  `email` varchar(255) NOT NULL,
  `token` varchar(255) NOT NULL,
  `created_at` timestamp NULL DEFAULT NULL
) ENGINE=InnoDB DEFAULT CHARSET=utf8mb4 COLLATE=utf8mb4_unicode_ci;

-- --------------------------------------------------------

--
-- Cấu trúc bảng cho bảng `personal_access_tokens`
--

CREATE TABLE `personal_access_tokens` (
  `id` bigint(20) UNSIGNED NOT NULL,
  `tokenable_type` varchar(255) NOT NULL,
  `tokenable_id` bigint(20) UNSIGNED NOT NULL,
  `name` varchar(255) NOT NULL,
  `token` varchar(64) NOT NULL,
  `abilities` text DEFAULT NULL,
  `last_used_at` timestamp NULL DEFAULT NULL,
  `expires_at` timestamp NULL DEFAULT NULL,
  `created_at` timestamp NULL DEFAULT NULL,
  `updated_at` timestamp NULL DEFAULT NULL
) ENGINE=InnoDB DEFAULT CHARSET=utf8mb4 COLLATE=utf8mb4_unicode_ci;

-- --------------------------------------------------------

--
-- Cấu trúc bảng cho bảng `tbl_admin`
--

CREATE TABLE `tbl_admin` (
  `admin_id` int(11) NOT NULL,
  `admin_email` varchar(255) NOT NULL,
  `admin_password` varchar(255) NOT NULL,
  `admin_name` varchar(255) NOT NULL,
  `admin_phone` int(11) NOT NULL,
  `create_at` timestamp NULL DEFAULT NULL,
  `update_at` timestamp NULL DEFAULT NULL
) ENGINE=InnoDB DEFAULT CHARSET=utf8mb4 COLLATE=utf8mb4_unicode_ci;

--
-- Đang đổ dữ liệu cho bảng `tbl_admin`
--

INSERT INTO `tbl_admin` (`admin_id`, `admin_email`, `admin_password`, `admin_name`, `admin_phone`, `create_at`, `update_at`) VALUES
(1, 'trieupham04@gmail.com', '202cb962ac59075b964b07152d234b70', 'KhacTrieu', 913338921, NULL, NULL);

-- --------------------------------------------------------

--
-- Cấu trúc bảng cho bảng `tbl_brand`
--

CREATE TABLE `tbl_brand` (
  `brand_id` int(11) NOT NULL,
  `brand_name` varchar(255) NOT NULL,
  `brand_desc` text NOT NULL,
  `brand_status` int(11) NOT NULL,
  `create_at` timestamp NULL DEFAULT NULL,
  `update_at` timestamp NULL DEFAULT NULL
) ENGINE=InnoDB DEFAULT CHARSET=utf8mb4 COLLATE=utf8mb4_unicode_ci;

--
-- Đang đổ dữ liệu cho bảng `tbl_brand`
--

INSERT INTO `tbl_brand` (`brand_id`, `brand_name`, `brand_desc`, `brand_status`, `create_at`, `update_at`) VALUES
(1, 'canon', 'bền bỉ - giá cả hợp lý', 0, NULL, NULL),
(2, 'nikon', 'chất lượng tốt - giá cả phải chăng', 0, NULL, NULL),
(3, 'sony', 'giá thành đi kèm chất lượng', 0, NULL, NULL),
(4, 'sigma', 'lens cho mọi nhà', 0, NULL, NULL),
(5, 'Dragon', 'Phổ biến trong việc IT', 0, NULL, NULL),
(6, 'Macbook', 'Thuận tiện cho công việc và sang trọng.', 0, NULL, NULL);

-- --------------------------------------------------------

--
-- Cấu trúc bảng cho bảng `tbl_category_product`
--

CREATE TABLE `tbl_category_product` (
  `category_id` int(11) NOT NULL,
  `category_name` varchar(255) NOT NULL,
  `category_desc` text NOT NULL,
  `category_status` int(11) NOT NULL,
  `meta_keywords` text DEFAULT NULL,
  `create_at` timestamp NULL DEFAULT NULL,
  `update_at` timestamp NULL DEFAULT NULL
) ENGINE=InnoDB DEFAULT CHARSET=utf8mb4 COLLATE=utf8mb4_unicode_ci;

--
-- Đang đổ dữ liệu cho bảng `tbl_category_product`
--

INSERT INTO `tbl_category_product` (`category_id`, `category_name`, `category_desc`, `category_status`, `meta_keywords`, `create_at`, `update_at`) VALUES
(1, 'Máy ảnh DSLR', 'Máy ảnh DSLR sử dụng hệ thống gương để chiếu hình ảnh từ ống kính lên viewfinder.', 0, 'rất nét', NULL, NULL),
(2, 'Máy ảnh mirrorless', 'Máy ảnh mirrorless loại bỏ hệ thống gương, giúp giảm kích thước và trọng lượng.', 0, 'rất chuẩn', NULL, NULL),
(3, 'Máy ảnh compact', 'Máy ảnh compact nhỏ gọn, dễ sử dụng và thích hợp cho người chụp hình hằng ngày.', 0, 'rất sắc nét', NULL, NULL),
(4, 'Máy ảnh siêu zoom', 'Máy ảnh siêu zoom có khả năng zoom quang học lớn, giúp chụp từ xa mà không mất chất lượng hình ảnh.', 0, 'rất chuẩn nét', NULL, NULL),
(8, 'Máy tính msi', 'Là lựa chọn tốt cho IT và sử dụng hàng ngày.', 0, NULL, NULL, NULL);

-- --------------------------------------------------------

--
-- Cấu trúc bảng cho bảng `tbl_color`
--

CREATE TABLE `tbl_color` (
  `color_id` int(11) NOT NULL,
  `color_name` varchar(255) NOT NULL
) ENGINE=InnoDB DEFAULT CHARSET=utf8mb4 COLLATE=utf8mb4_unicode_ci;

--
-- Đang đổ dữ liệu cho bảng `tbl_color`
--

INSERT INTO `tbl_color` (`color_id`, `color_name`) VALUES
(1, 'đen'),
(2, 'xám');

-- --------------------------------------------------------

--
-- Cấu trúc bảng cho bảng `tbl_customer`
--

CREATE TABLE `tbl_customer` (
  `customer_id` int(11) NOT NULL,
  `customer_name` varchar(255) NOT NULL,
  `customer_email` varchar(255) NOT NULL,
  `customer_password` varchar(255) NOT NULL,
  `customer_phone` varchar(255) NOT NULL,
  `create_at` timestamp NULL DEFAULT NULL,
  `update_at` timestamp NULL DEFAULT NULL
) ENGINE=InnoDB DEFAULT CHARSET=utf8mb4 COLLATE=utf8mb4_unicode_ci;

--
-- Đang đổ dữ liệu cho bảng `tbl_customer`
--

INSERT INTO `tbl_customer` (`customer_id`, `customer_name`, `customer_email`, `customer_password`, `customer_phone`, `create_at`, `update_at`) VALUES
(7, 'SaoMai', 'mai06@gmail.com', '698d51a19d8a121ce581499d7b701668', '0916345611', NULL, NULL);

-- --------------------------------------------------------

--
-- Cấu trúc bảng cho bảng `tbl_order`
--

CREATE TABLE `tbl_order` (
  `order_id` int(11) NOT NULL,
  `customer_id` int(11) NOT NULL,
  `shipping_id` int(11) NOT NULL,
  `payment_id` int(11) NOT NULL,
  `order_total` varchar(255) NOT NULL,
  `order_status` varchar(255) NOT NULL,
  `create_at` timestamp NULL DEFAULT NULL,
  `update_at` timestamp NULL DEFAULT NULL
) ENGINE=InnoDB DEFAULT CHARSET=utf8mb4 COLLATE=utf8mb4_unicode_ci;

--
-- Đang đổ dữ liệu cho bảng `tbl_order`
--

INSERT INTO `tbl_order` (`order_id`, `customer_id`, `shipping_id`, `payment_id`, `order_total`, `order_status`, `create_at`, `update_at`) VALUES
(7, 7, 6, 7, '1725000.00', 'Dang cho xu ly', NULL, NULL);

-- --------------------------------------------------------

--
-- Cấu trúc bảng cho bảng `tbl_order_details`
--

CREATE TABLE `tbl_order_details` (
  `order_details_id` int(11) NOT NULL,
  `order_id` int(11) NOT NULL,
  `product_id` int(11) NOT NULL,
  `product_name` varchar(255) NOT NULL,
  `product_price` varchar(255) NOT NULL,
  `product_sales_quantity` int(11) NOT NULL,
  `create_at` timestamp NULL DEFAULT NULL,
  `update_at` timestamp NULL DEFAULT NULL
) ENGINE=InnoDB DEFAULT CHARSET=utf8mb4 COLLATE=utf8mb4_unicode_ci;

--
-- Đang đổ dữ liệu cho bảng `tbl_order_details`
--

INSERT INTO `tbl_order_details` (`order_details_id`, `order_id`, `product_id`, `product_name`, `product_price`, `product_sales_quantity`, `create_at`, `update_at`) VALUES
(6, 7, 6, 'Máy ảnh Sonny', '500000', 3, NULL, NULL);

-- --------------------------------------------------------

--
-- Cấu trúc bảng cho bảng `tbl_payment`
--

CREATE TABLE `tbl_payment` (
  `payment_id` int(11) NOT NULL,
  `payment_method` varchar(255) NOT NULL,
  `payment_status` varchar(255) NOT NULL,
  `create_at` timestamp NULL DEFAULT NULL,
  `update_at` timestamp NULL DEFAULT NULL
) ENGINE=InnoDB DEFAULT CHARSET=utf8mb4 COLLATE=utf8mb4_unicode_ci;

--
-- Đang đổ dữ liệu cho bảng `tbl_payment`
--

INSERT INTO `tbl_payment` (`payment_id`, `payment_method`, `payment_status`, `create_at`, `update_at`) VALUES
(7, '2', 'Dang cho xu ly', NULL, NULL);

-- --------------------------------------------------------

--
-- Cấu trúc bảng cho bảng `tbl_product`
--

CREATE TABLE `tbl_product` (
  `product_id` int(11) NOT NULL,
  `category_id` int(11) NOT NULL,
  `product_name` varchar(255) NOT NULL,
  `brand_id` int(11) NOT NULL,
  `product_desc` text NOT NULL,
  `product_content` text NOT NULL,
  `product_price` varchar(500) NOT NULL,
  `product_image` varchar(250) NOT NULL,
  `product_status` int(11) NOT NULL,
  `size_id` int(11) NOT NULL,
  `color_id` int(11) NOT NULL,
  `create_at` timestamp NULL DEFAULT NULL,
  `update_at` timestamp NULL DEFAULT NULL
) ENGINE=InnoDB DEFAULT CHARSET=utf8mb4 COLLATE=utf8mb4_unicode_ci;

--
-- Đang đổ dữ liệu cho bảng `tbl_product`
--

INSERT INTO `tbl_product` (`product_id`, `category_id`, `product_name`, `brand_id`, `product_desc`, `product_content`, `product_price`, `product_image`, `product_status`, `size_id`, `color_id`, `create_at`, `update_at`) VALUES
(6, 4, 'Máy ảnh Sonny', 3, 'Được thiết kế cho người chuyên nghiệp và người hâm mộ có kinh nghiệm', 'Cung cấp nhiều tùy chọn kiểm soát và thay đổi ống kính linh hoạt.', '500000', 'product0994.png', 0, 2, 2, NULL, NULL),
(8, 2, 'Máy ảnh tầm xa', 2, 'Thường có ống kính cố định và tùy chọn chế độ tự động để chụp hình dễ dàng', 'Là lựa chọn tốt cho du lịch và sử dụng hàng ngày.', '250000', 'product0939.png', 0, 2, 2, NULL, NULL),
(9, 8, 'Máy tính coder', 4, 'Cung cấp các tính năng tự động và chất lượng hình ảnh đủ tốt cho nhu cầu lập trình', 'Phổ biến trong việc chụp hình nhanh và thuận tiện.', '4000000', 'product0889.png', 0, 2, 1, NULL, NULL),
(10, 8, 'Máy tính Macbook', 6, 'Máy tính thường nhẹ và nhỏ gọn, dễ mang theo trong các chuyến đi.', 'Phổ biến trong công viêc nhanh và thuận tiện.', '15000000', 'product0132.png', 0, 2, 2, NULL, NULL),
(11, 8, 'Máy tính mise dragon', 5, 'Cung cấp các tính năng tự động và chất lượng hình ảnh đủ tốt cho nhu cầu IT.', 'Thích hợp cho việc code, thể thao, và các sự kiện từ xa.', '25000000', 'product0696.png', 0, 2, 1, NULL, NULL);

-- --------------------------------------------------------

--
-- Cấu trúc bảng cho bảng `tbl_shipping`
--

CREATE TABLE `tbl_shipping` (
  `shipping_id` int(11) NOT NULL,
  `shipping_name` varchar(255) NOT NULL,
  `shipping_address` varchar(255) NOT NULL,
  `shipping_phone` varchar(255) NOT NULL,
  `shipping_email` varchar(255) NOT NULL,
  `shipping_note` text NOT NULL,
  `create_at` timestamp NULL DEFAULT NULL,
  `update_at` timestamp NULL DEFAULT NULL
) ENGINE=InnoDB DEFAULT CHARSET=utf8mb4 COLLATE=utf8mb4_unicode_ci;

--
-- Đang đổ dữ liệu cho bảng `tbl_shipping`
--

INSERT INTO `tbl_shipping` (`shipping_id`, `shipping_name`, `shipping_address`, `shipping_phone`, `shipping_email`, `shipping_note`, `create_at`, `update_at`) VALUES
(6, 'DangMai', 'Ha Tinh', '0912324111', 'mai06@gmail.com', 'Gửi nhanh cho chị đi', NULL, NULL);

-- --------------------------------------------------------

--
-- Cấu trúc bảng cho bảng `tbl_size`
--

CREATE TABLE `tbl_size` (
  `size_id` int(11) NOT NULL,
  `size_name` varchar(255) NOT NULL
) ENGINE=InnoDB DEFAULT CHARSET=utf8mb4 COLLATE=utf8mb4_unicode_ci;

--
-- Đang đổ dữ liệu cho bảng `tbl_size`
--

INSERT INTO `tbl_size` (`size_id`, `size_name`) VALUES
(1, 'cảm biến 24.30mp'),
(2, 'cảm biến 18.1mp');

-- --------------------------------------------------------

--
-- Cấu trúc bảng cho bảng `users`
--

CREATE TABLE `users` (
  `id` bigint(20) UNSIGNED NOT NULL,
  `name` varchar(255) NOT NULL,
  `email` varchar(255) NOT NULL,
  `email_verified_at` timestamp NULL DEFAULT NULL,
  `password` varchar(255) NOT NULL,
  `remember_token` varchar(100) DEFAULT NULL,
  `created_at` timestamp NULL DEFAULT NULL,
  `updated_at` timestamp NULL DEFAULT NULL
) ENGINE=InnoDB DEFAULT CHARSET=utf8mb4 COLLATE=utf8mb4_unicode_ci;

--
-- Chỉ mục cho các bảng đã đổ
--

--
-- Chỉ mục cho bảng `failed_jobs`
--
ALTER TABLE `failed_jobs`
  ADD PRIMARY KEY (`id`),
  ADD UNIQUE KEY `failed_jobs_uuid_unique` (`uuid`);

--
-- Chỉ mục cho bảng `migrations`
--
ALTER TABLE `migrations`
  ADD PRIMARY KEY (`id`);

--
-- Chỉ mục cho bảng `password_reset_tokens`
--
ALTER TABLE `password_reset_tokens`
  ADD PRIMARY KEY (`email`);

--
-- Chỉ mục cho bảng `personal_access_tokens`
--
ALTER TABLE `personal_access_tokens`
  ADD PRIMARY KEY (`id`),
  ADD UNIQUE KEY `personal_access_tokens_token_unique` (`token`),
  ADD KEY `personal_access_tokens_tokenable_type_tokenable_id_index` (`tokenable_type`,`tokenable_id`);

--
-- Chỉ mục cho bảng `tbl_admin`
--
ALTER TABLE `tbl_admin`
  ADD PRIMARY KEY (`admin_id`);

--
-- Chỉ mục cho bảng `tbl_brand`
--
ALTER TABLE `tbl_brand`
  ADD PRIMARY KEY (`brand_id`);

--
-- Chỉ mục cho bảng `tbl_category_product`
--
ALTER TABLE `tbl_category_product`
  ADD PRIMARY KEY (`category_id`);

--
-- Chỉ mục cho bảng `tbl_color`
--
ALTER TABLE `tbl_color`
  ADD PRIMARY KEY (`color_id`);

--
-- Chỉ mục cho bảng `tbl_customer`
--
ALTER TABLE `tbl_customer`
  ADD PRIMARY KEY (`customer_id`);

--
-- Chỉ mục cho bảng `tbl_order`
--
ALTER TABLE `tbl_order`
  ADD PRIMARY KEY (`order_id`),
  ADD KEY `FK_order_customer` (`customer_id`),
  ADD KEY `FK_order_payment` (`payment_id`),
  ADD KEY `FK_order_shipping` (`shipping_id`);

--
-- Chỉ mục cho bảng `tbl_order_details`
--
ALTER TABLE `tbl_order_details`
  ADD PRIMARY KEY (`order_details_id`),
  ADD KEY `FK_order_detal_order` (`order_id`),
  ADD KEY `FK_order_detal_product` (`product_id`);

--
-- Chỉ mục cho bảng `tbl_payment`
--
ALTER TABLE `tbl_payment`
  ADD PRIMARY KEY (`payment_id`);

--
-- Chỉ mục cho bảng `tbl_product`
--
ALTER TABLE `tbl_product`
  ADD PRIMARY KEY (`product_id`),
  ADD KEY `FK_color_product` (`color_id`),
  ADD KEY `FK_size_product` (`size_id`),
  ADD KEY `FK_product_category` (`category_id`),
  ADD KEY `FK_product_brand` (`brand_id`);

--
-- Chỉ mục cho bảng `tbl_shipping`
--
ALTER TABLE `tbl_shipping`
  ADD PRIMARY KEY (`shipping_id`);

--
-- Chỉ mục cho bảng `tbl_size`
--
ALTER TABLE `tbl_size`
  ADD PRIMARY KEY (`size_id`);

--
-- Chỉ mục cho bảng `users`
--
ALTER TABLE `users`
  ADD PRIMARY KEY (`id`),
  ADD UNIQUE KEY `users_email_unique` (`email`);

--
-- AUTO_INCREMENT cho các bảng đã đổ
--

--
-- AUTO_INCREMENT cho bảng `failed_jobs`
--
ALTER TABLE `failed_jobs`
  MODIFY `id` bigint(20) UNSIGNED NOT NULL AUTO_INCREMENT;

--
-- AUTO_INCREMENT cho bảng `migrations`
--
ALTER TABLE `migrations`
  MODIFY `id` int(10) UNSIGNED NOT NULL AUTO_INCREMENT, AUTO_INCREMENT=5;

--
-- AUTO_INCREMENT cho bảng `personal_access_tokens`
--
ALTER TABLE `personal_access_tokens`
  MODIFY `id` bigint(20) UNSIGNED NOT NULL AUTO_INCREMENT;

--
-- AUTO_INCREMENT cho bảng `tbl_admin`
--
ALTER TABLE `tbl_admin`
  MODIFY `admin_id` int(11) NOT NULL AUTO_INCREMENT, AUTO_INCREMENT=2;

--
-- AUTO_INCREMENT cho bảng `tbl_brand`
--
ALTER TABLE `tbl_brand`
  MODIFY `brand_id` int(11) NOT NULL AUTO_INCREMENT, AUTO_INCREMENT=7;

--
-- AUTO_INCREMENT cho bảng `tbl_category_product`
--
ALTER TABLE `tbl_category_product`
  MODIFY `category_id` int(11) NOT NULL AUTO_INCREMENT, AUTO_INCREMENT=9;

--
-- AUTO_INCREMENT cho bảng `tbl_color`
--
ALTER TABLE `tbl_color`
  MODIFY `color_id` int(11) NOT NULL AUTO_INCREMENT, AUTO_INCREMENT=3;

--
-- AUTO_INCREMENT cho bảng `tbl_customer`
--
ALTER TABLE `tbl_customer`
  MODIFY `customer_id` int(11) NOT NULL AUTO_INCREMENT, AUTO_INCREMENT=8;

--
-- AUTO_INCREMENT cho bảng `tbl_order`
--
ALTER TABLE `tbl_order`
  MODIFY `order_id` int(11) NOT NULL AUTO_INCREMENT, AUTO_INCREMENT=8;

--
-- AUTO_INCREMENT cho bảng `tbl_order_details`
--
ALTER TABLE `tbl_order_details`
  MODIFY `order_details_id` int(11) NOT NULL AUTO_INCREMENT, AUTO_INCREMENT=7;

--
-- AUTO_INCREMENT cho bảng `tbl_payment`
--
ALTER TABLE `tbl_payment`
  MODIFY `payment_id` int(11) NOT NULL AUTO_INCREMENT, AUTO_INCREMENT=8;

--
-- AUTO_INCREMENT cho bảng `tbl_product`
--
ALTER TABLE `tbl_product`
  MODIFY `product_id` int(11) NOT NULL AUTO_INCREMENT, AUTO_INCREMENT=12;

--
-- AUTO_INCREMENT cho bảng `tbl_shipping`
--
ALTER TABLE `tbl_shipping`
  MODIFY `shipping_id` int(11) NOT NULL AUTO_INCREMENT, AUTO_INCREMENT=7;

--
-- AUTO_INCREMENT cho bảng `tbl_size`
--
ALTER TABLE `tbl_size`
  MODIFY `size_id` int(11) NOT NULL AUTO_INCREMENT, AUTO_INCREMENT=3;

--
-- AUTO_INCREMENT cho bảng `users`
--
ALTER TABLE `users`
  MODIFY `id` bigint(20) UNSIGNED NOT NULL AUTO_INCREMENT;

--
-- Các ràng buộc cho các bảng đã đổ
--

--
-- Các ràng buộc cho bảng `tbl_order`
--
ALTER TABLE `tbl_order`
  ADD CONSTRAINT `FK_order_customer` FOREIGN KEY (`customer_id`) REFERENCES `tbl_customer` (`customer_id`),
  ADD CONSTRAINT `FK_order_payment` FOREIGN KEY (`payment_id`) REFERENCES `tbl_payment` (`payment_id`),
  ADD CONSTRAINT `FK_order_shipping` FOREIGN KEY (`shipping_id`) REFERENCES `tbl_shipping` (`shipping_id`);

--
-- Các ràng buộc cho bảng `tbl_order_details`
--
ALTER TABLE `tbl_order_details`
  ADD CONSTRAINT `FK_order_detal_order` FOREIGN KEY (`order_id`) REFERENCES `tbl_order` (`order_id`),
  ADD CONSTRAINT `FK_order_detal_product` FOREIGN KEY (`product_id`) REFERENCES `tbl_product` (`product_id`);

--
-- Các ràng buộc cho bảng `tbl_product`
--
ALTER TABLE `tbl_product`
  ADD CONSTRAINT `FK_color_product` FOREIGN KEY (`color_id`) REFERENCES `tbl_color` (`color_id`),
  ADD CONSTRAINT `FK_product_brand` FOREIGN KEY (`brand_id`) REFERENCES `tbl_brand` (`brand_id`),
  ADD CONSTRAINT `FK_product_category` FOREIGN KEY (`category_id`) REFERENCES `tbl_category_product` (`category_id`),
  ADD CONSTRAINT `FK_size_product` FOREIGN KEY (`size_id`) REFERENCES `tbl_size` (`size_id`);
COMMIT;

/*!40101 SET CHARACTER_SET_CLIENT=@OLD_CHARACTER_SET_CLIENT */;
/*!40101 SET CHARACTER_SET_RESULTS=@OLD_CHARACTER_SET_RESULTS */;
/*!40101 SET COLLATION_CONNECTION=@OLD_COLLATION_CONNECTION */;
